{"stats":{"minecraft:dropped":{"minecraft:polished_diorite":4,"minecraft:yellow_concrete_powder":1,"minecraft:magenta_stained_glass":1,"minecraft:repeating_command_block":4,"minecraft:cyan_glazed_terracotta":1,"minecraft:orange_concrete":1,"minecraft:barrier":8,"minecraft:cobblestone":1,"minecraft:granite":2,"minecraft:command_block":10,"minecraft:red_stained_glass":7,"minecraft:light_blue_concrete_powder":1,"minecraft:white_terracotta":1,"minecraft:oak_sign":1,"minecraft:carrot_on_a_stick":1,"minecraft:dirt":1,"minecraft:sea_lantern":5,"minecraft:stone":5,"minecraft:spruce_planks":1,"minecraft:brown_wool":1,"minecraft:purple_concrete_powder":1,"minecraft:iron_bars":1,"minecraft:arrow":1,"minecraft:brown_stained_glass":1,"minecraft:chain_command_block":90,"minecraft:white_concrete_powder":1,"minecraft:polished_granite":2,"minecraft:black_wool":1,"minecraft:redstone_block":68,"minecraft:brown_concrete":1,"minecraft:armor_stand":1},"minecraft:used":{"minecraft:oak_fence":1,"minecraft:oak_trapdoor":1,"minecraft:water_bucket":3,"minecraft:end_rod":2,"minecraft:iron_bars":15,"minecraft:iron_ore":6,"minecraft:cobblestone_stairs":1,"minecraft:orange_concrete":3,"minecraft:birch_planks":5,"minecraft:red_stained_glass":4,"minecraft:red_concrete":4,"minecraft:carrot_on_a_stick":573,"minecraft:oak_sign":24,"minecraft:blackstone":77,"minecraft:brown_concrete":3,"minecraft:stone":57,"minecraft:black_glazed_terracotta":18,"minecraft:redstone_block":138,"minecraft:player_head":3,"minecraft:gold_ore":1,"minecraft:smooth_quartz_stairs":197,"minecraft:pink_concrete":1,"minecraft:dirt":30,"minecraft:yellow_concrete":9,"minecraft:purple_terracotta":1,"minecraft:granite":21,"minecraft:polished_diorite":58,"minecraft:redstone_torch":1,"minecraft:oak_log":1,"minecraft:glass":344,"minecraft:dark_oak_planks":2,"minecraft:sea_lantern":139,"minecraft:black_wool":5,"minecraft:coal_ore":1,"minecraft:quartz_pillar":315,"minecraft:command_block":43,"minecraft:grass_block":9,"minecraft:spruce_button":5,"minecraft:brown_wool":7,"minecraft:barrier":161,"minecraft:stone_button":1,"minecraft:magenta_concrete":3,"minecraft:polished_granite":23,"minecraft:smooth_quartz":17,"minecraft:repeater":17,"minecraft:purple_concrete":3,"minecraft:glowstone":14,"minecraft:light_blue_concrete_powder":1,"minecraft:lime_concrete":3,"minecraft:cobblestone":13,"minecraft:bow":5,"minecraft:emerald_block":9,"minecraft:podzol":3,"minecraft:birch_log":1,"minecraft:white_stained_glass":34,"minecraft:chain_command_block":69,"minecraft:repeating_command_block":7,"minecraft:polished_blackstone_button":5,"minecraft:coarse_dirt":5,"minecraft:acacia_planks":5,"minecraft:gray_wool":2,"minecraft:orange_terracotta":1},"minecraft:picked_up":{"minecraft:carrot_on_a_stick":1,"minecraft:polished_granite":1,"minecraft:diamond_hoe":1,"minecraft:chain_command_block":1,"minecraft:red_stained_glass":2,"minecraft:command_block":1},"minecraft:custom":{"minecraft:play_one_minute":1067248,"minecraft:leave_game":154,"minecraft:time_since_death":540884,"minecraft:damage_resisted":8350,"minecraft:time_since_rest":540911,"minecraft:sprint_one_cm":177954,"minecraft:damage_taken":7210,"minecraft:walk_one_cm":2146607,"minecraft:drop":96,"minecraft:fly_one_cm":3371094,"minecraft:crouch_one_cm":19248,"minecraft:deaths":29,"minecraft:sneak_time":15480,"minecraft:walk_under_water_one_cm":4002,"minecraft:jump":2898,"minecraft:walk_on_water_one_cm":1029,"minecraft:fall_one_cm":1743384}},"DataVersion":2584}